Customer_ID,Age,Annual_Income,Tenure_Months,Monthly_Charges,Support_Calls_Last_3M,Data_Usage_GB,Satisfaction_Score,Contract_Type,Payment_Method,Region,Plan_Type,Churn
CUST-1020,22.0,23800.0,11.0,62.96,7.0,20.4,5.0,MONTHLY,Bank Transfer,North,Standard,Yes
CUST-1043,35.0,69400.0,17.0,75.63,6.0,17.5,9.0,Monthly,Bank Transfer,South,Basic,Yes
CUST-1157,55.0,,49.0,92.85,3.0,21.6,1.0,Monthly,UPI,West,Basic,Yes
CUST-1112,36.0,80000.0,9.0,85.67,0.0,34.3,9.0,Monthly,UPI,South,Standard,Yes
CUST-1149,41.0,95700.0,51.0,60.77,1.0,23.7,9.0,Monthly,Debit Card,West,Premium,Yes
CUST-1016,30.0,,22.0,74.89,3.0,5.6,10.0,1 Year,Bank Transfer,West,Standard,No
CUST-1025,31.0,88000.0,37.0,88.42,4.0,-2.1,9.0,1 Year,Debit Card,South,Standard,No
CUST-1069,40.0,49100.0,66.0,86.08,5.0,19.9,6.0,Monthly,Debit Card,South,Basic,No
CUST-1118,24.0,69200.0,23.0,86.86,1.0,14.5,9.0,Monthly,Bank Transfer,North,Premium,No
CUST-1099,36.0,43300.0,23.0,47.86,3.0,29.2,4.0,Monthly,Bank Transfer,South,Basic,Yes
CUST-1098,39.0,59800.0,72.0,77.74,3.0,15.2,9.0,Monthly,Credit Card,North,Standard,Yes
CUST-1163,48.0,59200.0,49.0,63.41,4.0,12.6,9.0,1 Year,UPI,South,Premium,Yes
CUST-1070,30.0,23700.0,10.0,33.69,3.0,25.3,1.0,Monthly,Credit Card,North,Basic,Yes
CUST-1175,39.0,75700.0,62.0,61.53,1.0,3.5,6.0,1 Year,Bank Transfer,South,Standard,No
CUST-1046,29.0,70900.0,51.0,67.09,2.0,12.3,4.0,Monthly,Credit Card,East,Standard,Yes
CUST-1017,26.0,66100.0,60.0,40.73,2.0,18.8,7.0,Monthly,Credit Card,West,Standard,Yes
CUST-1052,32.0,91000.0,,55.74,3.0,10.2,8.0,2 Year,Debit Card,South,Premium,Yes
CUST-1036,24.0,46500.0,32.0,97.33,5.0,7.3,7.0,2 Year,Debit Card,South,Standard,No
CUST-1083,51.0,8600.0,47.0,134.54,2.0,16.6,6.0,Monthly,Bank Transfer,West,Standard,No
CUST-1057,28.0,88300.0,15.0,115.44,2.0,22.7,2.0,1 Year,UPI,East,Standard,Yes
CUST-1165,46.0,106900.0,49.0,44.09,1.0,15.1,3.0,1 Year,Bank Transfer,West,Standard,Yes
CUST-1125,42.0,90400.0,1.0,88.31,5.0,19.0,5.0,2 Year,UPI,North,Premium,No
CUST-1147,24.0,52600.0,43.0,56.27,1.0,13.8,10.0,2 Year,UPI,West,Basic,No
CUST-1031,30.0,51200.0,18.0,40.15,5.0,14.1,,1 Year,Credit Card,East,Standard,No
CUST-1010,41.0,46900.0,9.0,72.28,1.0,14.0,7.0,Monthly,Credit Card,North,Standard,No
CUST-1127,26.0,49700.0,54.0,64.92,6.0,11.1,7.0,2 Year,Debit Card,North,Premium,No
CUST-1061,31.0,69100.0,36.0,91.65,1.0,25.4,7.0,Monthly,Debit Card,North,Basic,Yes
CUST-1019,27.0,101900.0,72.0,53.68,4.0,16.4,5.0,Monthly,UPI,North,Basic,Yes
CUST-1170,28.0,77900.0,71.0,64.8,5.0,15.2,1.0,Monthly,Debit Card,South,Basic,Yes
CUST-1114,61.0,79300.0,29.0,65.28,3.0,21.3,5.0,2 Year,Bank Transfer,East,Standard,No
CUST-1076,44.0,76800.0,52.0,86.93,4.0,31.5,6.0,1 Year,Debit Card,South,Standard,No
CUST-1056,45.0,66700.0,64.0,55.39,4.0,8.4,7.0,1 Year,Bank Transfer,East,Standard,No
CUST-1120,44.0,55200.0,46.0,69.63,3.0,17.7,7.0,Monthly,Bank Transfer,North,Basic,Yes
CUST-1136,51.0,94800.0,57.0,54.4,2.0,26.2,8.0,Monthly,Bank Transfer,East,Premium,Yes
CUST-1067,35.0,42600.0,33.0,48.16,4.0,28.6,8.0,2 Year,UPI,North,Standard,No
CUST-1030,33.0,83900.0,42.0,80.5,30.0,19.0,3.0,2 Year,Credit Card,North,Standard,Yes
CUST-1176,44.0,19600.0,32.0,59.96,3.0,33.5,,1 Year,Bank Transfer,North,Basic,Yes
CUST-1066,50.0,57300.0,55.0,65.76,2.0,30.0,5.0,Monthly,Debit Card,East,Premium,Yes
CUST-1068,46.0,83300.0,68.0,65.12,5.0,28.6,6.0,Monthly,UPI,North,Standard,Yes
CUST-1032,55.0,,40.0,107.35,3.0,24.2,10.0,Monthly,Debit Card,South,Premium,Yes
CUST-1013,38.0,76600.0,150.0,64.92,3.0,20.8,9.0,1 Year,UPI,East,Standard,No
CUST-1042,38.0,64700.0,25.0,84.13,4.0,25.9,7.0,Monthly,Credit Card,South,Standard,Yes
CUST-1137,28.0,48700.0,26.0,58.11,5.0,22.3,6.0,2 Year,Debit Card,West,Premium,No
CUST-1091,37.0,,43.0,15.86,1.0,6.7,9.0,Monthly,UPI,East,Premium,No
CUST-1148,23.0,120900.0,59.0,67.79,2.0,22.5,8.0,Monthly,Credit Card,North,Standard,Yes
CUST-1105,34.0,35800.0,60.0,118.63,3.0,-0.8,7.0,2 Year,UPI,East,Standard,No
CUST-1110,35.0,29800.0,72.0,115.28,2.0,18.9,5.0,1 Year,Bank Transfer,West,Premium,Yes
CUST-1039,23.0,60600.0,23.0,105.35,3.0,19.1,2.0,1 Year,Credit Card,West,Basic,Yes
CUST-1121,44.0,N/A,21.0,77.74,3.0,14.7,10.0,Monthly,UPI,North,Standard,No
CUST-1097,39.0,45700.0,6.0,75.13,4.0,17.4,,Monthly,Credit Card,West,Standard,Yes
CUST-1077,37.0,83500.0,56.0,68.79,2.0,22.5,6.0,1 Year,Debit Card,South,Standard,No
CUST-1160,43.0,55000.0,22.0,90.28,4.0,30.5,,1 Year,Credit Card,West,Basic,No
CUST-1003,42.0,67400.0,38.0,77.44,3.0,10.1,1.0,Monthly,Bank Transfer,South,Standard,No
CUST-1134,41.0,78200.0,9.0,99.68,2.0,12.6,9.0,Monthly,Debit Card,North,Basic,Yes
CUST-1047,31.0,104900.0,39.0,,3.0,20.8,2.0,Monthly,Bank Transfer,West,Premium,No
CUST-1173,35.0,73300.0,51.0,134.89,2.0,44.0,6.0,Monthly,UPI,North,Basic,Yes
CUST-1156,29.0,70300.0,33.0,74.69,2.0,21.6,9.0,1 Year,Debit Card,East,Standard,Yes
CUST-1086,31.0,78200.0,2.0,76.43,6.0,15.3,6.0,1 Year,Debit Card,North,Basic,No
CUST-1151,39.0,90300.0,,57.81,0.0,,5.0,Monthly,Credit Card,North,Premium,Yes
CUST-1027,,31300.0,26.0,70.33,0.0,37.9,5.0,Monthly,Debit Card,South,Basic,Yes
CUST-1159,24.0,70500.0,63.0,53.91,2.0,31.3,7.0,Monthly,Bank Transfer,South,Standard,No
CUST-1177,36.0,116500.0,30.0,112.66,3.0,23.9,9.0,1 Year,UPI,South,Premium,Yes
CUST-1116,39.0,68300.0,41.0,53.44,4.0,6.4,7.0,2 Year,Debit Card,North,Basic,No
CUST-1079,,53100.0,29.0,83.71,3.0,-1.6,5.0,Monthly,UPI,North,Basic,Yes
CUST-1037,38.0,73600.0,51.0,20.0,3.0,13.4,9.0,Monthly,UPI,West,Standard,No
CUST-1129,37.0,72500.0,40.0,,3.0,9.4,3.0,Monthly,UPI,East,Standard,Yes
CUST-1023,37.0,56900.0,,67.1,4.0,36.4,1.0,Monthly,Credit Card,North,basic,Yes
CUST-1109,39.0,50800.0,37.0,75.93,4.0,27.8,6.0,Monthly,Bank Transfer,East,Standard,Yes
CUST-1123,50.0,95200.0,54.0,51.73,1.0,14.2,4.0,Monthly,Debit Card,North,Basic,Yes
CUST-1115,34.0,82200.0,40.0,42.78,4.0,3.9,6.0,2 Year,Bank Transfer,South,Standard,Yes
CUST-1012,31.0,64100.0,35.0,90.36,5.0,10.6,1.0,Monthly,Credit Card,East,Premium,Yes
CUST-1110,35.0,29800.0,72.0,115.28,2.0,18.9,5.0,1 Year,Bank Transfer,West,Premium,Yes
CUST-1146,44.0,,17.0,115.14,3.0,8.5,4.0,2 Year,Credit Card,West,premium,No
CUST-1007,,99200.0,62.0,92.12,6.0,,5.0,Monthly,UPI,West,Standard,Yes
CUST-1028,40.0,73000.0,62.0,55.41,3.0,12.4,4.0,1 Year,Bank Transfer,South,Basic,Yes
CUST-1094,33.0,98600.0,20.0,27.95,2.0,0.8,1.0,1 Year,UPI,West,Basic,No
CUST-1005,34.0,92100.0,49.0,89.29,4.0,29.5,8.0,Monthly,UPI,North,Standard,Yes
CUST-1033,36.0,57800.0,72.0,50.61,3.0,-1.1,1.0,Monthly,Credit Card,North,Standard,Yes
CUST-1101,22.0,38400.0,46.0,73.14,0.0,21.6,10.0,2 Year,UPI,West,Premium,No
CUST-1144,38.0,59100.0,7.0,119.77,3.0,28.1,7.0,2 Year,Bank Transfer,North,Standard,Yes
CUST-1102,32.0,100000.0,12.0,56.23,3.0,9.8,6.0,1 Year,Debit Card,west,Premium,Yes
CUST-1168,55.0,96200.0,61.0,,4.0,23.2,8.0,Monthly,Debit Card,West,Basic,No
CUST-1011,31.0,107900.0,34.0,78.68,1.0,10.8,10.0,Monthly,Debit Card,East,Standard,No
CUST-1119,47.0,95800.0,1.0,98.01,3.0,9.2,1.0,Monthly,Bank Transfer,East,Standard,Yes
CUST-1133,25.0,100100.0,53.0,63.22,5.0,13.9,7.0,1 Year,UPI,North,Standard,Yes
CUST-1001,41.0,53000.0,15.0,96.64,2.0,9.0,3.0,1 Year,Debit Card,North,Premium,Yes
CUST-1140,24.0,44400.0,63.0,,4.0,,3.0,Monthly,Bank Transfer,South,Standard,Yes
CUST-1071,40.0,52400.0,5.0,,,8.9,4.0,Monthly,UPI,North,Basic,No
CUST-1096,,69600.0,38.0,67.31,4.0,21.7,4.0,Monthly,UPI,South,Standard,No
CUST-1065,44.0,13500.0,27.0,83.5,2.0,13.8,6.0,Monthly,Credit Card,South,Premium,Yes
CUST-1045,21.0,33300.0,53.0,0.0,3.0,29.8,5.0,Monthly,Credit Card,East,Premium,No
CUST-1153,29.0,,71.0,88.96,3.0,,4.0,2 Year,Credit Card,North,Premium,No
CUST-1029,30.0,,4.0,126.78,,27.3,3.0,1 Year,Bank Transfer,South,Basic,No
CUST-1041,,46200.0,15.0,123.06,5.0,19.6,9.0,Monthly,UPI,East,Basic,No
CUST-1142,49.0,59300.0,38.0,118.17,7.0,24.0,2.0,1 Year,Credit Card,East,Basic,Yes
CUST-1143,20.0,-11500.0,2.0,57.34,,19.4,2.0,1 Year,Credit Card,West,Standard,No
CUST-1026,37.0,9999999.0,5.0,91.79,4.0,6.4,9.0,1 Year,Bank Transfer,East,Premium,No
CUST-1024,22.0,53000.0,35.0,47.9,5.0,13.9,4.0,Monthly,UPI,North,Standard,Yes
CUST-1138,33.0,50700.0,,84.29,1.0,24.8,4.0,1 Year,UPI,East,Standard,Yes
CUST-1082,40.0,64000.0,29.0,86.29,1.0,11.9,5.0,Monthly,Bank Transfer,West,Standard,No
CUST-1080,16.0,,8.0,84.7,1.0,30.5,5.0,Monthly,Credit Card,West,Basic,Yes
CUST-1085,28.0,23300.0,45.0,29.52,1.0,26.4,2.0,Monthly,Credit Card,South,Standard,No
CUST-1040,38.0,109500.0,63.0,79.95,0.0,28.6,3.0,Monthly,Debit Card,West,Basic,Yes
CUST-1113,37.0,62300.0,51.0,65.34,2.0,18.2,2.0,2-Year,Debit Card,West,Standard,Yes
CUST-1087,45.0,61300.0,27.0,26.23,2.0,12.1,1.0,Monthly,UPI,South,Basic,Yes
CUST-1078,33.0,89900.0,15.0,59.47,,25.3,10.0,Monthly,?,South,Standard,No
CUST-1179,33.0,100500.0,49.0,84.85,3.0,28.9,10.0,1 Year,Debit Card,South,Standard,No
CUST-1155,39.0,66200.0,70.0,104.47,3.0,12.4,6.0,Monthly,Bank Transfer,East,Premium,Yes
CUST-1048,47.0,73900.0,51.0,12.71,1.0,24.2,9.0,Monthly,Bank Transfer,NORTH,Standard,No
CUST-1095,32.0,73100.0,11.0,70.27,6.0,30.0,6.0,Monthly,Debit Card,North,Standard,Yes
CUST-1141,38.0,72300.0,25.0,66.15,,9.1,9.0,1 Year,Credit Card,North,Standard,No
CUST-1172,28.0,91500.0,13.0,115.02,3.0,17.4,4.0,1 Year,Credit Card,North,Standard,No
CUST-1062,34.0,-12000.0,29.0,60.69,4.0,18.9,4.0,Monthly,UPI,East,Basic,Yes
CUST-1074,52.0,75400.0,31.0,55.51,4.0,9.4,9.0,1 year,Bank Transfer,South,Standard,No
CUST-1034,25.0,?,39.0,140.55,2.0,6.5,5.0,Monthly,Credit Card,West,Standard,No
CUST-1044,33.0,47300.0,66.0,114.84,2.0,13.3,2.0,1 Year,Debit Card,East,Standard,Yes
CUST-1139,44.0,46300.0,35.0,84.26,3.0,18.2,8.0,1 Year,Bank Transfer,North,Premium,No
CUST-1145,39.0,53600.0,34.0,99.59,5.0,20.3,10.0,Monthly,UPI,West,Standard,Yes
CUST-1063,25.0,94200.0,38.0,88.68,5.0,4.6,2.0,Monthly,Credit Card,West,Premium,No
CUST-1043,35.0,69400.0,17.0,75.63,6.0,17.5,9.0,Monthly,Bank Transfer,South,Basic,Yes
CUST-1124,22.0,50100.0,57.0,93.56,3.0,-0.3,9.0,Monthly,UPI,South,Standard,No
CUST-1128,30.0,67400.0,55.0,49.95,7.0,18.8,4.0,1 Year,Bank Transfer,West,Standard,Yes
CUST-1106,40.0,48000.0,43.0,92.51,1.0,20.7,1.0,1 Year,Credit Card,North,Standard,Yes
CUST-1054,42.0,35200.0,72.0,33.97,4.0,22.3,1.0,Monthly,Credit Card,West,Standard,Yes
CUST-1006,34.0,36600.0,69.0,104.15,3.0,15.8,3.0,monthly,Debit Card,East,Premium,Yes
CUST-1126,58.0,56700.0,63.0,24.69,6.0,17.9,4.0,Monthly,Credit Card,South,Standard,No
CUST-1166,40.0,70000.0,20.0,42.72,5.0,33.7,5.0,Monthly,Bank Transfer,North,Basic,Yes
CUST-1004,145.0,55500.0,35.0,120.65,2.0,14.3,6.0,1 Year,Credit Card,East,Premium,No
CUST-1171,27.0,31500.0,,84.56,1.0,2.6,1.0,Monthly,UPI,South,Premium,No
CUST-1050,18.0,66800.0,6.0,42.34,5.0,8.7,6.0,Monthly,Debit Card,West,Premium,No
CUST-1081,,46400.0,5.0,40.77,4.0,16.5,10.0,Monthly,Credit Card,South,Standard,No
CUST-1035,44.0,,14.0,73.99,6.0,14.1,6.0,Monthly,Credit Card,West,Basic,Yes
CUST-1008,44.0,43400.0,60.0,95.26,2.0,26.9,1.0,Monthly,Debit Card,South,Basic,Yes
CUST-1111,17.0,31700.0,31.0,62.54,3.0,30.1,10.0,Monthly,Credit Card,South,Standard,No
CUST-1092,46.0,52800.0,27.0,50.04,3.0,21.7,3.0,1 Year,bank transfer,West,Standard,Yes
CUST-1084,31.0,90100.0,68.0,83.74,4.0,6.1,8.0,2 Year,Debit Card,North,Basic,No
CUST-1162,44.0,108100.0,28.0,78.08,4.0,1.2,10.0,1 Year,UPI,North,Premium,Yes
CUST-1167,44.0,60700.0,63.0,95.55,4.0,18.2,8.0,1 Year,Debit Card,East,Basic,No
CUST-1090,41.0,69800.0,26.0,55.35,4.0,19.1,3.0,2 Year,UPI,South,Standard,No
CUST-1009,31.0,37800.0,50.0,72.99,1.0,15.1,10.0,2 Year,upi,West,Standard,No
CUST-1014,17.0,61000.0,40.0,75.05,3.0,17.8,8.0,Monthly,Bank Transfer,West,Standard,No
CUST-1060,46.0,75100.0,27.0,68.63,4.0,11.5,8.0,Monthly,UPI,West,Standard,Yes
CUST-1164,28.0,76800.0,71.0,110.73,3.0,18.6,10.0,Monthly,Debit Card,West,Premium,No
CUST-1132,37.0,69300.0,47.0,63.75,1.0,3.6,1.0,Monthly,Credit Card,North,Basic,Yes
CUST-1018,-5.0,75900.0,64.0,137.15,5.0,14.2,5.0,Monthly,UPI,North,Premium,Yes
CUST-1073,36.0,100000.0,13.0,68.27,4.0,21.6,3.0,1 Year,UPI,East,Standard,No
CUST-1161,26.0,20400.0,26.0,82.77,2.0,13.2,9.0,Monthly,Bank Transfer,?,Basic,Yes
CUST-1135,27.0,50800.0,52.0,85.93,3.0,14.5,8.0,Monthly,UPI,West,Standard,Yes
CUST-1154,38.0,82700.0,52.0,70.8,1.0,29.5,2.0,1 Year,Credit Card,East,Premium,No
CUST-1169,34.0,75100.0,49.0,80.84,2.0,19.7,4.0,2 Year,Bank Transfer,North,Basic,No
CUST-1064,24.0,44000.0,57.0,112.35,1.0,10.8,3.0,1 Year,UPI,East,STANDARD ,No
CUST-1055,46.0,30200.0,42.0,65.34,2.0,24.5,4.0,1 Year,Bank Transfer,North,Basic,No
CUST-1108,38.0,63900.0,5.0,75.31,2.0,28.6,10.0,1 Year,UPI,West,Standard,No
CUST-1051,39.0,59300.0,67.0,136.94,3.0,26.4,6.0,Monthly,Bank Transfer,South,Basic,Yes
CUST-1008,44.0,43400.0,60.0,95.26,2.0,26.9,1.0,Monthly,Debit Card,South,Basic,Yes
CUST-1059,,58000.0,33.0,71.78,2.0,,8.0,?,Bank Transfer,South,Standard,No
CUST-1049,39.0,67000.0,70.0,61.06,5.0,24.7,9.0,1 Year,Debit Card,North,Standard,No
CUST-1089,31.0,54600.0,36.0,999.0,4.0,,10.0,1 Year,Credit Card,West,Standard,Yes
CUST-1022,34.0,76600.0,60.0,87.39,4.0,5.7,8.0,Monthly,Debit Card,South,Standard,Yes
CUST-1058,33.0,70200.0,29.0,76.21,3.0,26.7,9.0,Monthly,Bank Transfer,South,Standard,Yes
CUST-1178,51.0,40800.0,29.0,9.97,3.0,19.5,2.0,Monthly,Bank Transfer,North,Standard,No
CUST-1130,31.0,107100.0,,55.24,2.0,20.6,9.0,Monthly,Unknown,North,Standard,No
CUST-1038,16.0,62300.0,38.0,39.9,4.0,24.8,3.0,Monthly,Credit card,East,Basic,Yes
CUST-1158,41.0,110200.0,29.0,59.63,6.0,24.1,,Monthly,Credit Card,South,Standard,Yes
CUST-1174,39.0,34800.0,56.0,,2.0,8.0,8.0,Monthly,Debit Card,West,Basic,No
CUST-1002,35.0,37100.0,24.0,57.14,3.0,17.1,,1 Year,Debit Card,South,Standard,No
CUST-1053,29.0,53900.0,51.0,55.06,2.0,24.5,15.0,1 Year,Bank Transfer,South,Basic,Yes
CUST-1150,39.0,56400.0,54.0,100.17,1.0,24.8,7.0,2 Year,Debit Card,West,Standard,No
CUST-1131,20.0,72000.0,21.0,70.84,1.0,39.1,8.0,Monthly,Bank Transfer,West,Basic,Yes
CUST-1152,39.0,76600.0,25.0,90.28,4.0,8.4,8.0,Monthly,Bank Transfer,West,Premium,No
CUST-1104,28.0,45700.0,62.0,72.9,7.0,21.4,4.0,Monthly,Debit Card,South,Standard,Yes
CUST-1100,34.0,54200.0,47.0,50.66,2.0,42.7,10.0,Monthly,Credit Card,South,Standard,Yes
CUST-1117,36.0,37900.0,11.0,48.79,5.0,11.3,5.0,1 Year,UPI,South,Standard,Yes
CUST-1088,39.0,71300.0,36.0,151.18,3.0,16.7,4.0,1 Year,Credit Card,North,Standard,Yes
CUST-1075,10.0,79200.0,47.0,60.09,2.0,19.7,1.0,Monthly,UPI,South,Standard,No
CUST-1122,27.0,64700.0,36.0,68.19,4.0,26.6,7.0,Monthly,UPI,North,Premium,No
CUST-1152,39.0,76600.0,25.0,90.28,4.0,8.4,8.0,Monthly,Bank Transfer,West,Premium,No
CUST-1021,51.0,100400.0,14.0,51.52,2.0,-2.0,1.0,2 Year,UPI,South,Premium,No
CUST-1072,51.0,,38.0,77.19,5.0,-10.0,5.0,Monthly,Credit Card,West,Standard,No
CUST-1107,55.0,54100.0,68.0,99.59,6.0,21.5,8.0,1 Year,Bank Transfer,East,Basic,Yes
CUST-1015,19.0,63000.0,,64.24,1.0,13.0,7.0,Monthly,Credit Card,south ,Premium,Yes
CUST-1093,29.0,45300.0,69.0,67.48,1.0,10.6,6.0,Monthly,Debit Card,East,Standard,No
CUST-1180,63.0,47100.0,45.0,65.58,0.0,11.3,1.0,Monthly,UPI,East,Standard,Yes
CUST-1103,,48300.0,13.0,94.69,0.0,16.8,1.0,2 Year,Bank Transfer,West,Standard,No
